,lat,long,depth,mag,stations,mvalue,magpred
1,-20.42,181.62,562,4.8,41,182,0
2,-20.62,181.03,650,4.2,15,203.6525,0
3,-26,184.1,42,5.4,43,51.375,1
4,-17.97,181.66,626,4.1,19,198.4475,0
5,-20.42,181.96,649,4,11,203.635,0
6,-19.68,184.31,195,4,12,90.9075,0
7,-11.7,166.1,82,4.8,43,60.3,0
8,-28.11,181.93,194,4.4,15,88.055,0
9,-28.74,181.74,211,4.7,35,92.175,0
10,-17.47,179.59,622,4.3,19,197.105,0
11,-21.44,180.69,583,4.4,13,186.6625,0
12,-12.26,167,249,4.6,16,102.085,0
13,-18.54,182.11,554,4.4,19,180.4925,0
14,-21,181.66,600,4.4,10,191.265,0
15,-20.7,169.92,139,6.1,94,73.58,1
16,-15.94,184.95,306,4.3,11,119.8275,0
17,-13.64,165.96,50,6,83,52.08,1
18,-17.83,181.5,590,4.5,21,189.5425,0
19,-23.5,179.78,570,4.4,13,182.67,0
20,-22.63,180.31,598,4.4,18,190.02,0
21,-20.84,181.16,576,4.5,17,185.205,0
22,-10.98,166.32,211,4.2,12,92.635,0
23,-23.3,180.16,512,4.4,18,168.315,0
24,-30.2,182,125,4.7,22,70.375,0
25,-19.66,180.28,431,5.4,57,149.255,1
26,-17.94,181.49,537,4,15,176.1375,0
27,-14.72,167.51,155,4.6,18,78.0975,0
28,-16.46,180.79,498,5.2,79,166.8825,1
29,-20.97,181.47,582,4.5,25,186.75,0
30,-19.84,182.37,328,4.4,17,123.7325,0
31,-22.58,179.24,553,4.6,21,178.565,0
32,-16.32,166.74,50,4.7,30,51.28,0
33,-15.55,185.05,292,4.8,42,116.575,0
34,-23.55,180.8,349,4,10,127.5625,0
35,-16.3,186,48,4.5,10,55.55,0
36,-25.82,179.33,600,4.3,13,189.4525,0
37,-18.73,169.23,206,4.5,17,90.25,0
38,-17.64,181.28,574,4.6,17,185.56,0
39,-17.66,181.4,585,4.1,17,188.21,0
40,-18.82,169.33,230,4.4,11,96.2275,0
41,-37.37,176.78,263,4.7,34,101.7775,0
42,-15.31,186.1,96,4.6,32,67.8475,0
43,-24.97,179.82,511,4.4,23,167.5625,0
44,-15.49,186.04,94,4.3,26,67.2125,0
45,-19.23,169.41,246,4.6,27,100.195,0
46,-30.1,182.3,56,4.9,34,53.275,0
47,-26.4,181.7,329,4.5,24,122.2,0
48,-11.77,166.32,70,4.4,18,57.2375,0
49,-24.12,180.08,493,4.3,21,163.315,0
50,-18.97,185.25,129,5.1,73,75.095,1
51,-18.75,182.35,554,4.2,13,180.45,0
52,-19.26,184.42,223,4,15,98.04,0
53,-22.75,173.2,46,4.6,26,50.2625,0
54,-21.37,180.67,593,4.3,13,189.15,0
55,-20.1,182.16,489,4.2,16,163.815,0
56,-19.85,182.13,562,4.4,31,182.17,0
57,-22.7,181,445,4.5,17,151.95,0
58,-22.06,180.6,584,4,11,186.635,0
59,-17.8,181.35,535,4.4,23,175.7375,0
60,-24.2,179.2,530,4.3,12,172.325,0
61,-20.69,181.55,582,4.7,35,186.89,0
62,-21.16,182.4,260,4.1,12,106.335,0
63,-13.82,172.38,613,5,61,194.14,1
64,-11.49,166.22,84,4.6,32,60.8325,0
65,-20.68,181.41,593,4.9,40,189.6575,0
66,-17.1,184.93,286,4.7,25,114.6325,0
67,-20.14,181.6,587,4.1,13,188.14,0
68,-21.96,179.62,627,5,45,197.415,1
69,-20.42,181.86,530,4.5,27,173.985,0
70,-15.46,187.81,40,5.5,91,54.4625,1
71,-15.31,185.8,152,4,11,81.6225,0
72,-19.86,184.35,201,4.5,30,92.4975,0
73,-11.55,166.2,96,4.3,14,63.7375,0
74,-23.74,179.99,506,5.2,75,166.8625,1
75,-17.7,181.23,546,4.4,35,178.4825,0
76,-23.54,180.04,564,4.3,15,181.2,0
77,-19.21,184.7,197,4.1,11,91.6475,0
78,-12.11,167.06,265,4.5,23,106.1125,0
79,-21.81,181.71,323,4.2,15,121.775,0
80,-28.98,181.11,304,5.3,60,115.3575,1
81,-34.02,180.21,75,5.2,65,56.5975,1
82,-23.84,180.99,367,4.5,27,132.1625,0
83,-19.57,182.38,579,4.6,38,186.6025,0
84,-20.12,183.4,284,4.3,15,112.895,0
85,-17.7,181.7,450,4,11,154.5,0
86,-19.66,184.31,170,4.3,15,84.7375,0
87,-21.5,170.5,117,4.7,32,67.675,0
88,-23.64,179.96,538,4.5,26,174.705,0
89,-15.43,186.3,123,4.2,16,74.5175,0
90,-15.41,186.44,69,4.3,42,61.0825,0
91,-15.48,167.53,128,5.1,61,71.2875,1
92,-13.36,167.06,236,4.7,22,98.6,0
93,-20.64,182.02,497,5.2,64,165.895,0
94,-19.72,169.71,271,4.2,14,106.2975,0
95,-15.44,185.26,224,4.2,21,99.505,0
96,-19.73,182.4,375,4,18,135.4175,0
97,-27.24,181.11,365,4.5,21,130.8425,0
98,-18.16,183.41,306,5.2,54,119.1125,1
99,-13.66,166.54,50,5.1,45,51.995,1
100,-24.57,179.92,484,4.7,33,161.0125,0
101,-16.98,185.61,108,4.1,12,70.1825,0
102,-26.2,178.41,583,4.6,25,184.9525,0
103,-21.88,180.39,608,4.7,30,192.8025,0
104,-33,181.6,72,4.7,22,56.325,0
105,-21.33,180.69,636,4.6,29,199.99,0
106,-19.44,183.5,293,4.2,15,115.315,0
107,-34.89,180.6,42,4.4,25,48.0275,0
108,-20.24,169.49,100,4.6,22,63.4625,0
109,-22.55,185.9,42,5.7,76,52.7625,1
110,-36.95,177.81,146,5,35,72.965,1
111,-15.75,185.23,280,4.5,28,113.495,0
112,-16.85,182.31,388,4.2,14,139.415,0
113,-19.06,182.45,477,4,16,161.0975,0
114,-26.11,178.3,617,4.8,39,193.4975,0
115,-26.2,178.35,606,4.4,21,190.6375,0
116,-26.13,178.31,609,4.2,25,191.345,0
117,-13.66,172.23,46,5.3,67,52.4675,1
118,-13.47,172.29,64,4.7,14,56.88,0
119,-14.6,167.4,178,4.8,52,83.9,0
120,-18.96,169.48,248,4.2,13,100.68,0
121,-14.65,166.97,82,4.8,28,59.78,0
122,-19.9,178.9,81,4.3,11,61.075,0
123,-22.05,180.4,606,4.7,27,192.2625,0
124,-19.22,182.43,571,4.5,23,184.6775,0
125,-31.24,180.6,328,4.4,18,120.44,0
126,-17.93,167.89,49,5.1,43,51.015,1
127,-19.3,183.84,517,4.2,21,171.435,0
128,-26.53,178.57,600,5,69,189.26,1
129,-27.72,181.7,94,4.8,59,63.195,0
130,-19.19,183.51,307,4.3,19,118.905,0
131,-17.43,185.43,189,4.5,22,90.375,0
132,-17.05,181.22,527,4.2,24,173.8425,0
133,-19.52,168.98,63,4.5,21,54.24,0
134,-23.71,180.3,510,4.6,30,167.7975,0
135,-21.3,180.82,624,4.3,14,196.955,0
136,-16.24,168.02,53,4.7,12,52.37,0
137,-16.14,187.32,42,5.1,68,54.57,1
138,-23.95,182.8,199,4.6,14,90.6125,0
139,-25.2,182.6,149,4.9,31,77.825,0
140,-18.84,184.16,210,4.2,17,94.88,0
141,-12.66,169.46,658,4.6,43,204.85,0
142,-20.65,181.4,582,4,14,186.6875,0
143,-13.23,167.1,220,5,46,94.7175,1
144,-29.91,181.43,205,4.4,34,90.23,0
145,-14.31,173.5,614,4.2,23,194.3475,0
146,-20.1,184.4,186,4.2,10,88.625,0
147,-17.8,185.17,97,4.4,22,67.1925,0
148,-21.27,173.49,48,4.9,42,51.28,0
149,-23.58,180.17,462,5.3,63,155.9725,1
150,-17.9,181.5,573,4,19,185.15,0
151,-23.34,184.5,56,5.7,106,55.715,1
152,-15.56,167.62,127,6.4,122,71.365,1
153,-23.83,182.56,229,4.3,24,98.0075,0
154,-11.8,165.8,112,4.2,20,67.55,0
155,-15.54,167.68,140,4.7,16,74.21,0
156,-20.65,181.32,597,4.7,39,190.5925,0
157,-11.75,166.07,69,4.2,14,56.88,0
158,-24.81,180,452,4.3,19,152.8725,0
159,-20.9,169.84,93,4.9,31,61.71,0
160,-11.34,166.24,103,4.6,30,65.625,0
161,-17.98,180.5,626,4.1,19,198.155,0
162,-24.34,179.52,504,4.8,34,165.995,0
163,-13.86,167.16,202,4.6,30,89.975,0
164,-35.56,180.2,42,4.6,32,47.81,0
165,-35.48,179.9,59,4.8,35,52.055,0
166,-34.2,179.43,40,5,37,47.5575,1
167,-26,182.12,205,5.6,98,91.68,1
168,-19.89,183.84,244,5.3,73,103.3125,1
169,-23.43,180,553,4.7,41,178.5675,0
170,-18.89,169.42,239,4.5,27,98.5075,0
171,-17.82,181.83,640,4.3,24,202.0775,0
172,-25.68,180.34,434,4.6,41,148.315,0
173,-20.2,180.9,627,4.1,11,197.95,0
174,-15.2,184.68,99,4.1,14,68.145,0
175,-15.03,182.29,399,4.1,10,142.59,0
176,-32.22,180.2,216,5.7,90,92.42,1
177,-22.64,180.64,544,5,50,176.75,1
178,-17.42,185.16,206,4.5,22,94.56,0
179,-17.84,181.48,542,4.1,20,177.435,0
180,-15.02,184.24,339,4.6,27,128.205,0
181,-18.04,181.75,640,4.5,47,202.0525,0
182,-24.6,183.5,67,4.3,25,57.55,0
183,-19.88,184.3,161,4.4,17,82.455,0
184,-20.3,183,375,4.2,15,135.475,0
185,-20.45,181.85,534,4.1,14,174.875,0
186,-17.67,187.09,45,4.9,62,54.83,0
187,-22.3,181.9,309,4.3,11,118.225,0
188,-19.85,181.85,576,4.9,54,185.725,0
189,-24.27,179.88,523,4.6,24,170.8025,0
190,-15.85,185.13,290,4.6,29,115.97,0
191,-20.02,184.09,234,5.3,71,100.8425,1
192,-18.56,169.31,223,4.7,35,94.6125,0
193,-17.87,182,569,4.6,12,184.4325,0
194,-24.08,179.5,605,4.1,21,191.13,0
195,-32.2,179.61,422,4.6,41,143.5025,0
196,-20.36,181.19,637,4.2,23,200.5075,0
197,-23.85,182.53,204,4.6,27,91.82,0
198,-24,182.75,175,4.5,14,84.5625,0
199,-20.41,181.74,538,4.3,31,175.9075,0
200,-17.72,180.3,595,5.2,74,190.695,1
201,-19.67,182.18,360,4.3,23,131.7025,0
202,-17.7,182.2,445,4,12,153.375,0
203,-16.23,183.59,367,4.7,35,134.765,0
204,-26.72,183.35,190,4.5,36,87.7825,0
205,-12.95,169.09,629,4.5,19,197.41,0
206,-21.97,182.32,261,4.3,13,106.4125,0
207,-21.96,180.54,603,5.2,66,191.695,1
208,-20.32,181.69,508,4.5,14,168.4675,0
209,-30.28,180.62,350,4.7,32,126.26,0
210,-20.2,182.3,533,4.2,11,174.825,0
211,-30.66,180.13,411,4.7,42,141.2925,0
212,-16.17,184.1,338,4.3,13,127.5575,0
213,-28.25,181.71,226,4.1,19,95.89,0
214,-20.47,185.68,93,5.4,85,65.9025,1
215,-23.55,180.27,535,4.3,22,174.005,0
216,-20.94,181.58,573,4.3,21,184.485,0
217,-26.67,182.4,186,4.2,17,86.4825,0
218,-18.13,181.52,618,4.6,41,196.4975,0
219,-20.21,183.83,242,4.4,29,102.505,0
220,-18.31,182.39,342,4.2,14,127.57,0
221,-16.52,185.7,90,4.7,30,65.97,0
222,-22.36,171.65,130,4.6,39,70.9725,0
223,-22.43,184.48,65,4.9,48,57.9875,0
224,-20.37,182.1,397,4.2,22,140.7325,0
225,-23.77,180.16,505,4.5,26,166.4725,0
226,-13.65,166.66,71,4.9,52,57.2275,0
227,-21.55,182.9,207,4.2,18,93.1375,0
228,-16.24,185.75,154,4.5,22,82.0025,0
229,-23.73,182.53,232,5,55,98.95,1
230,-22.34,171.52,106,5,43,65.045,1
231,-19.4,180.94,664,4.7,34,207.56,0
232,-24.64,180.81,397,4.3,24,139.3675,0
233,-16,182.82,431,4.4,16,150.555,0
234,-19.62,185.35,57,4.9,31,56.9075,0
235,-23.84,180.13,525,4.5,15,171.4475,0
236,-23.54,179.93,574,4,12,183.5975,0
237,-28.23,182.68,74,4.4,20,58.2125,0
238,-21.68,180.63,617,5,63,195.2375,1
239,-13.44,166.53,44,4.7,27,50.4475,0
240,-24.96,180.22,470,4.8,41,157.515,0
241,-20.08,182.74,298,4.5,33,116.29,0
242,-24.36,182.84,148,4.1,16,77.645,0
243,-14.7,166,48,5.3,16,51.15,1
244,-18.2,183.68,107,4.8,52,69.32,0
245,-16.65,185.51,218,5,52,97.965,1
246,-18.11,181.67,597,4.6,28,191.29,0
247,-17.95,181.65,619,4.3,26,196.75,0
248,-15.5,186.9,46,4.7,18,55.525,0
249,-23.36,180.01,553,5.3,61,178.7375,1
250,-19.15,169.5,150,4.2,12,76.1375,0
251,-10.97,166.26,180,4.7,26,84.9975,0
252,-14.85,167.24,97,4.5,26,63.4725,0
253,-17.8,181.38,587,5.1,47,188.92,1
254,-22.5,170.4,106,4.9,38,64.7,0
255,-29.1,182.1,179,4.4,19,84.1,0
256,-20.32,180.88,680,4.2,22,211.19,0
257,-16.09,184.89,304,4.6,34,119.35,0
258,-19.18,169.33,254,4.7,35,102.2125,0
259,-23.81,179.36,521,4.2,23,170.1875,0
260,-23.79,179.89,526,4.9,43,171.75,0
261,-19.02,184.23,270,5.1,72,110.0775,1
262,-20.9,181.51,548,4.7,32,178.3275,0
263,-19.06,169.01,158,4.4,10,78.0875,0
264,-17.88,181.47,562,4.4,27,182.4975,0
265,-19.41,183.05,300,4.2,16,116.96,0
266,-26.17,184.2,65,4.9,37,56.9825,0
267,-14.95,167.24,130,4.6,16,71.7225,0
268,-18.73,168.8,82,4.4,14,59.1175,0
269,-20.21,182.37,482,4.6,37,162.19,0
270,-21.29,180.85,607,4.5,23,192.765,0
271,-19.76,181.41,105,4.4,15,67.7625,0
272,-22.09,180.38,590,4.9,35,188.2975,0
273,-23.8,179.9,498,4.1,12,164.55,0
274,-20.16,181.99,504,4.2,11,167.5075,0
275,-22.13,180.38,577,5.7,104,185.2375,1
276,-17.44,181.4,529,4.6,25,174.39,0
277,-23.33,180.18,528,5,59,172.4625,1
278,-24.78,179.22,492,4.3,16,162.685,0
279,-22,180.52,561,4.5,19,181.005,0
280,-19.13,182.51,579,5.2,56,186.895,1
281,-30.72,180.1,413,4.4,22,141.695,0
282,-22.32,180.54,565,4.2,12,181.855,0
283,-16.45,177.77,138,4.6,17,75.98,0
284,-17.7,185,383,4,10,138.575,0
285,-17.95,184.68,260,4.4,21,107.7825,0
286,-24.4,179.85,522,4.7,29,170.5375,0
287,-19.3,180.6,671,4.2,16,209.125,0
288,-21.13,185.32,123,4.7,36,72.9725,0
289,-18.07,181.57,572,4.5,26,185,0
290,-20.6,182.28,529,5,50,173.92,1
291,-18.48,181.49,641,5,49,202.2525,1
292,-13.34,166.2,67,4.8,18,56.165,0
293,-20.92,181.5,546,4.6,31,177.795,0
294,-25.31,179.69,507,4.6,35,166.495,0
295,-15.24,186.21,158,5,57,83.4925,1
296,-16.4,185.86,148,5,47,80.615,1
297,-24.57,178.4,562,5.6,80,180.3575,1
298,-17.94,181.51,601,4,16,192.1425,0
299,-30.64,181.2,175,4,16,82.39,0
300,-18.64,169.32,260,4.6,23,103.82,0
301,-13.09,169.28,654,4.4,22,203.6475,0
302,-19.68,184.14,242,4.8,40,102.815,0
303,-16.44,185.74,126,4.7,30,75,0
304,-21.09,181.38,555,4.6,15,179.9725,0
305,-14.99,171.39,637,4.3,21,199.425,0
306,-23.3,179.7,500,4.7,29,165.275,0
307,-17.68,181.36,515,4.1,19,170.695,0
308,-22,180.53,583,4.9,20,186.6075,0
309,-21.38,181.39,501,4.6,36,166.4025,0
310,-32.62,181.5,55,4.8,26,52.17,0
311,-13.05,169.58,644,4.9,68,201.3575,0
312,-12.93,169.63,641,5.1,57,200.7,1
313,-18.6,181.91,442,5.4,82,152.6775,1
314,-21.34,181.41,464,4.5,21,157.1425,0
315,-21.48,183.78,200,4.9,54,91.8,0
316,-17.4,181.02,479,4.4,14,161.755,0
317,-17.32,181.03,497,4.1,13,166.2025,0
318,-18.77,169.24,218,5.3,53,93.4425,1
319,-26.16,179.5,492,4.5,25,162.46,0
320,-12.59,167.1,325,4.9,26,121.1025,0
321,-14.82,167.32,123,4.8,28,70.075,0
322,-21.79,183.48,210,5.2,69,94.2225,1
323,-19.83,182.04,575,4.4,23,185.4025,0
324,-29.5,182.31,129,4.4,14,71.5525,0
325,-12.49,166.36,74,4.9,55,58.1925,0
326,-26.1,182.3,49,4.4,11,52.4,0
327,-21.04,181.2,483,4.2,10,161.84,0
328,-10.78,165.77,93,4.6,20,63.1475,0
329,-20.76,185.77,118,4.6,15,71.9025,0
330,-11.41,166.24,83,5.3,55,60.7825,1
331,-19.1,183.87,61,5.3,42,57.7675,1
332,-23.91,180,534,4.5,11,173.6475,0
333,-27.33,182.6,42,4.4,11,50.4175,0
334,-12.25,166.6,219,5,28,94.5875,1
335,-23.49,179.07,544,5.1,58,176.17,1
336,-27.18,182.18,56,4.5,14,53.875,0
337,-25.8,182.1,68,4.5,26,57.2,0
338,-27.19,182.18,69,5.4,68,57.3475,1
339,-27.27,182.38,45,4.5,16,51.1525,0
340,-27.1,182.18,43,4.7,17,50.695,0
341,-27.22,182.28,65,4.2,14,56.065,0
342,-27.38,181.7,80,4.8,13,59.78,0
343,-27.27,182.5,51,4.5,13,52.6825,0
344,-27.54,182.5,68,4.3,12,56.815,0
345,-27.2,182.39,69,4.3,14,57.1225,0
346,-27.71,182.47,103,4.3,11,65.515,0
347,-27.6,182.4,61,4.6,11,55.1,0
348,-27.38,182.39,69,4.5,12,57.1275,0
349,-21.54,185.48,51,5,29,54.985,1
350,-27.21,182.43,55,4.6,10,53.705,0
351,-28.96,182.61,54,4.6,15,53.0625,0
352,-12.01,166.29,59,4.9,27,54.545,0
353,-17.46,181.32,573,4.1,17,185.24,0
354,-30.17,182.02,56,5.5,68,53.3375,1
355,-27.27,182.36,65,4.7,21,56.1975,0
356,-17.79,181.32,587,5,49,188.8825,1
357,-22.19,171.4,150,5.1,49,76.0775,1
358,-17.1,182.68,403,5.5,82,143.52,1
359,-27.18,182.53,60,4.6,21,54.9875,0
360,-11.64,166.47,130,4.7,19,72.3825,0
361,-17.98,181.58,590,4.2,14,189.45,0
362,-16.9,185.72,135,4,22,76.955,0
363,-21.98,179.6,583,5.4,67,186.505,1
364,-32.14,179.9,406,4.3,19,139.515,0
365,-18.8,169.21,221,4.4,16,93.9525,0
366,-26.78,183.61,40,4.6,22,50.3575,0
367,-20.43,182.37,502,5.1,48,167.26,1
368,-18.3,183.2,103,4.5,14,68.1,0
369,-15.83,182.51,423,4.2,21,148.47,0
370,-23.44,182.93,158,4.1,20,80.3975,0
371,-23.73,179.99,527,5.1,49,172.09,1
372,-19.89,184.08,219,5.4,105,97.1475,1
373,-17.59,181.09,536,5.1,61,176.15,1
374,-19.77,181.4,630,5.1,54,199.1825,1
375,-20.31,184.06,249,4.4,21,104.2875,0
376,-15.33,186.75,48,5.7,123,56.28,1
377,-18.2,181.6,553,4.4,14,180.2,0
378,-15.36,186.66,112,5.1,57,72.1,1
379,-15.29,186.42,153,4.6,31,82.1825,0
380,-15.36,186.71,130,5.5,95,76.7125,1
381,-16.24,167.95,188,5.1,68,86.2025,1
382,-13.47,167.14,226,4.4,26,96.0175,0
383,-25.5,182.82,124,5,25,71.58,1
384,-14.32,167.33,204,5,49,90.5025,1
385,-20.04,182.01,605,5.1,49,193.0175,1
386,-28.83,181.66,221,5.1,63,94.7325,1
387,-17.82,181.49,573,4.2,14,185.2175,0
388,-27.23,180.98,401,4.5,39,139.8125,0
389,-10.72,165.99,195,4,14,88.5675,0
390,-27,183.88,56,4.9,36,54.445,0
391,-20.36,186.16,102,4.3,21,68.025,0
392,-27.17,183.68,44,4.8,27,51.3275,0
393,-20.94,181.26,556,4.4,21,180.18,0
394,-17.46,181.9,417,4.2,14,146.41,0
395,-21.04,181.2,591,4.9,45,189.015,0
396,-23.7,179.6,646,4.2,21,201.525,0
397,-17.72,181.42,565,5.3,89,183.5,1
398,-15.87,188.13,52,5,30,57.315,0
399,-17.84,181.3,535,5.7,112,176.04,1
400,-13.45,170.3,641,5.3,93,200.7875,1
401,-30.8,182.16,41,4.7,24,49.265,0
402,-11.63,166.14,109,4.6,36,67.0275,0
403,-30.4,181.4,40,4.3,17,48.825,0
404,-26.18,178.59,548,5.4,65,176.4525,1
405,-15.7,184.5,118,4.4,30,72.8,0
406,-17.95,181.5,593,4.3,16,190.2125,0
407,-20.51,182.3,492,4.3,23,164.5225,0
408,-15.36,167.51,123,4.7,28,69.9625,0
409,-23.61,180.23,475,4.4,26,159.005,0
410,-33.2,181.6,153,4.2,21,76.4,0
411,-17.68,186.8,112,4.5,35,71.405,0
412,-22.24,184.56,99,4.8,57,66.53,0
413,-20.07,169.14,66,4.8,37,54.9675,0
414,-25.04,180.1,481,4.3,15,160.09,0
415,-21.5,185.2,139,4.4,15,76.775,0
416,-14.28,167.26,211,5.1,51,92.27,1
417,-14.43,167.26,151,4.4,17,77.0575,0
418,-32.7,181.7,211,4.4,40,91.1,0
419,-34.1,181.8,246,4.3,23,99.5,0
420,-19.7,186.2,47,4.8,19,54.575,0
421,-24.19,180.38,484,4.3,27,161.1225,0
422,-26.6,182.77,119,4.5,29,69.9175,0
423,-17.04,186.8,70,4.1,22,60.965,0
424,-22.1,179.71,579,5.1,58,185.4275,1
425,-32.6,180.9,57,4.7,44,52.5,0
426,-33,182.4,176,4.6,28,82.5,0
427,-20.58,181.24,602,4.7,44,191.84,0
428,-20.61,182.6,488,4.6,12,163.6475,0
429,-19.47,169.15,149,4.4,15,75.77,0
430,-17.47,180.96,546,4.2,23,178.4225,0
431,-18.4,183.4,343,4.1,10,128.025,0
432,-23.33,180.26,530,4.7,22,172.9075,0
433,-18.55,182.23,563,4,17,182.67,0
434,-26.16,178.47,537,4.8,33,173.5275,0
435,-21.8,183.2,325,4.4,19,122.7,0
436,-27.63,182.93,80,4.3,14,59.9,0
437,-18.89,169.48,259,4.4,21,103.4975,0
438,-20.3,182.3,476,4.5,10,160.625,0
439,-20.56,182.04,499,4.5,29,166.245,0
440,-16.1,185.32,257,4.7,30,107.73,0
441,-12.66,166.37,165,4.3,18,80.7525,0
442,-21.05,184.68,136,4.7,29,76.0825,0
443,-17.97,168.52,146,4.8,33,75.3375,0
444,-19.83,182.54,524,4.6,14,172.8275,0
445,-22.55,183.81,82,5.1,68,62.09,1
446,-22.28,183.52,90,4.7,19,63.985,0
447,-15.72,185.64,138,4.3,21,78.055,0
448,-20.85,181.59,499,5.1,91,166.21,1
449,-21.11,181.5,538,5.5,104,175.9725,1
450,-25.31,180.15,467,4.5,25,156.585,0
451,-26.46,182.5,184,4.3,11,86.085,0
452,-24.09,179.68,538,4.3,21,174.4725,0
453,-16.96,167.7,45,4.7,23,50.11,0
454,-23.19,182.8,237,4.3,18,100.2275,0
455,-20.81,184.7,162,4.3,20,82.5475,0
456,-15.03,167.32,136,4.6,20,73.2225,0
457,-18.06,181.59,604,4.5,23,193.0075,0
458,-19,185.6,107,4.5,15,69.525,0
459,-23.53,179.99,538,5.4,87,174.965,1
460,-18.18,180.63,639,4.6,39,201.5125,0
461,-15.66,186.8,45,4.4,11,55.135,0
462,-18,180.62,636,5,100,200.905,1
463,-18.08,180.7,628,5.2,72,198.955,1
464,-18.05,180.86,632,4.4,15,199.8025,0
465,-29.9,181.16,215,5.1,51,92.84,1
466,-20.9,181.9,556,4.4,17,180.35,0
467,-15.61,167.5,135,4.4,21,72.8225,0
468,-16.03,185.43,297,4.8,25,117.8,0
469,-17.68,181.11,568,4.4,22,183.9575,0
470,-31.94,180.57,168,4.7,39,80.3325,0
471,-19.14,184.36,269,4.7,31,109.73,0
472,-18,185.48,143,4.4,29,78.72,0
473,-16.95,185.94,95,4.3,12,67.0725,0
474,-10.79,166.06,142,5,40,75.5675,1
475,-20.83,185.9,104,4.5,19,68.3925,0
476,-32.9,181.6,169,4.6,27,80.575,0
477,-37.93,177.47,65,5.4,65,52.485,1
478,-29.09,183.2,54,4.6,23,53.1775,0
479,-23.56,180.23,474,4.5,13,158.7925,0
480,-19.6,185.2,125,4.4,13,73.75,0
481,-21.39,180.68,617,4.5,18,195.1975,0
482,-14.85,184.87,294,4.1,10,117.03,0
483,-22.7,183.3,180,4,13,86.15,0
484,-32.42,181.21,47,4.9,39,50.1725,0
485,-17.9,181.3,593,4.1,13,190.125,0
486,-23.58,183.4,94,5.2,79,64.755,1
487,-34.4,180.5,201,4.4,41,87.875,0
488,-17.61,181.2,537,4.1,11,176.1725,0
489,-21.07,181.13,594,4.9,43,189.74,0
490,-13.84,170.62,638,4.6,20,199.845,0
491,-30.24,181.63,80,4.5,17,58.9725,0
492,-18.49,169.04,211,4.8,30,91.5875,0
493,-23.45,180.23,520,4.2,19,170.245,0
494,-16.04,183.54,384,4.2,23,138.925,0
495,-17.14,185.31,223,4.1,15,98.8175,0
496,-22.54,172.91,54,5.5,71,52.4675,1
497,-15.9,185.3,57,4.4,19,57.7,0
498,-30.04,181.2,49,4.8,20,51.24,0
499,-24.03,180.22,508,4.2,23,167.0975,0
500,-18.89,184.46,242,4.8,36,103.0925,0
501,-16.51,187.1,62,4.9,46,59.3725,0
502,-20.1,186.3,63,4.6,19,58.45,0
503,-21.06,183.81,203,4.5,34,92.5625,0
504,-13.07,166.87,132,4.4,24,72.55,0
505,-23.46,180.09,543,4.6,28,176.0575,0
506,-19.41,182.3,589,4.2,19,189.0225,0
507,-11.81,165.98,51,4.7,28,52.4675,0
508,-11.76,165.96,45,4.4,51,50.9,0
509,-12.08,165.76,63,4.5,51,55.295,0
510,-25.59,180.02,485,4.9,48,161.0825,0
511,-26.54,183.63,66,4.7,34,56.9475,0
512,-20.9,184.28,58,5.5,92,56.72,1
513,-16.99,187,70,4.7,30,61.1775,0
514,-23.46,180.17,541,4.6,32,175.5775,0
515,-17.81,181.82,598,4.1,14,191.5275,0
516,-15.17,187.2,50,4.7,28,56.6825,0
517,-11.67,166.02,102,4.6,21,65.2375,0
518,-20.75,184.52,144,4.3,25,78.0175,0
519,-19.5,186.9,58,4.4,20,57.45,0
520,-26.18,179.79,460,4.7,44,154.5775,0
521,-20.66,185.77,69,4.3,25,59.6025,0
522,-19.22,182.54,570,4.1,22,184.355,0
523,-24.68,183.33,70,4.7,30,58.3375,0
524,-15.43,167.38,137,4.5,16,73.3625,0
525,-32.45,181.15,41,5.5,81,48.8,1
526,-21.31,180.84,586,4.5,17,187.5075,0
527,-15.44,167.18,140,4.6,44,74.085,0
528,-13.26,167.01,213,5.1,70,92.9625,1
529,-15.26,183.13,393,4.4,28,141.3175,0
530,-33.57,180.8,51,4.7,35,50.7325,0
531,-15.77,167.01,64,5.5,73,55.185,1
532,-15.79,166.83,45,4.6,39,50.16,0
533,-21,183.2,296,4,16,115.55,0
534,-16.28,166.94,50,4.6,24,51.315,0
535,-23.28,184.6,44,4.8,34,52.53,0
536,-16.1,167.25,68,4.7,36,55.9625,0
537,-17.7,181.31,549,4.7,33,179.3275,0
538,-15.96,166.69,150,4.2,20,76.2325,0
539,-15.95,167.34,47,5.4,87,50.9475,1
540,-17.56,181.59,543,4.6,34,177.9075,0
541,-15.9,167.42,40,5.5,86,49.255,1
542,-15.29,166.9,100,4.2,15,63.9525,0
543,-15.86,166.85,85,4.5,22,60.1225,0
544,-16.2,166.8,98,4.5,21,63.275,0
545,-15.71,166.91,58,4.8,20,53.5,0
546,-16.45,167.54,125,4.6,18,70.1725,0
547,-11.54,166.18,89,5.4,80,62.26,1
548,-19.61,181.91,590,4.6,34,189.225,0
549,-15.61,187.15,49,5,30,56.385,1
550,-21.16,181.41,543,4.3,17,176.8875,0
551,-20.65,182.22,506,4.3,24,167.9675,0
552,-20.33,168.71,40,4.8,38,48.295,0
553,-15.08,166.62,42,4.7,23,49.56,0
554,-23.28,184.61,76,4.7,36,60.5075,0
555,-23.44,184.6,63,4.8,27,57.24,0
556,-23.12,184.42,104,4.2,17,67.375,0
557,-23.65,184.46,93,4.2,16,64.5025,0
558,-22.91,183.95,64,5.9,118,57.735,1
559,-22.06,180.47,587,4.6,28,187.5025,0
560,-13.56,166.49,83,4.5,25,60.1075,0
561,-17.99,181.57,579,4.9,49,186.87,0
562,-23.92,184.47,40,4.7,17,51.3125,0
563,-30.69,182.1,62,4.9,25,54.5775,0
564,-21.92,182.8,273,5.3,78,109.795,1
565,-25.04,180.97,393,4.2,21,138.2825,0
566,-19.92,183.91,264,4.2,23,108.0475,0
567,-27.75,182.26,174,4.5,18,83.2525,0
568,-17.71,181.18,574,5.2,67,185.6675,0
569,-19.6,183.84,309,4.5,23,119.435,0
570,-34.68,179.82,75,5.6,79,56.435,1
571,-14.46,167.26,195,5.2,87,88.25,1
572,-18.85,187.55,44,4.8,35,54.375,0
573,-17.02,182.41,420,4.5,29,147.4725,0
574,-20.41,186.51,63,5,28,58.525,1
575,-18.18,182.04,609,4.4,26,194.315,0
576,-16.49,187.8,40,4.5,18,53.9525,0
577,-17.74,181.31,575,4.6,42,185.7925,0
578,-20.49,181.69,559,4.5,24,181.175,0
579,-18.51,182.64,405,5.2,74,143.5825,1
580,-27.28,183.4,70,5.1,54,57.805,1
581,-15.9,167.16,41,4.8,42,49.265,0
582,-20.57,181.33,605,4.3,18,192.515,0
583,-11.25,166.36,130,5.1,55,72.5525,1
584,-20.04,181.87,577,4.7,19,185.8825,0
585,-20.89,181.25,599,4.6,20,190.99,0
586,-16.62,186.74,82,4.8,51,64.23,0
587,-20.09,168.75,50,4.6,23,50.815,0
588,-24.96,179.87,480,4.4,25,159.8275,0
589,-20.95,181.42,559,4.6,27,181.0175,0
590,-23.31,179.27,566,5.1,49,181.765,1
591,-20.95,181.06,611,4.3,20,193.8525,0
592,-21.58,181.9,409,4.4,19,143.43,0
593,-13.62,167.15,209,4.7,30,91.8075,0
594,-12.72,166.28,70,4.8,47,57.09,0
595,-21.79,185,74,4.1,15,60.3275,0
596,-20.48,169.76,134,4.6,33,71.97,0
597,-12.84,166.78,150,4.9,35,77.21,0
598,-17.02,182.93,406,4,17,143.9775,0
599,-23.89,182.39,243,4.7,32,101.55,0
600,-23.07,184.03,89,4.7,32,63.665,0
601,-27.98,181.96,53,5.2,89,53.045,1
602,-28.1,182.25,68,4.6,18,56.6875,0
603,-21.24,180.81,605,4.6,34,192.2925,0
604,-21.24,180.86,615,4.9,23,194.88,0
605,-19.89,174.46,546,5.7,99,176.5675,1
606,-32.82,179.8,176,4.7,26,81.92,0
607,-22,185.5,52,4.4,18,54.975,0
608,-21.57,185.62,66,4.9,38,58.7375,0
609,-24.5,180.92,377,4.8,43,134.555,0
610,-33.03,180.2,186,4.6,27,84.4425,0
611,-30.09,182.4,51,4.4,18,51.9275,0
612,-22.75,170.99,67,4.8,35,55.01,0
613,-17.99,168.98,234,4.7,28,97.4225,0
614,-19.6,181.87,597,4.2,18,190.8675,0
615,-15.65,186.26,64,5.1,54,59.9275,1
616,-17.78,181.53,511,4.8,56,169.8875,0
617,-22.04,184.91,47,4.9,47,53.6925,0
618,-20.06,168.69,49,5.1,49,50.6825,1
619,-18.07,181.54,546,4.3,28,178.4425,0
620,-12.85,165.67,75,4.4,30,58.055,0
621,-33.29,181.3,60,4.7,33,53.1775,0
622,-34.63,179.1,278,4.7,24,106.7925,0
623,-24.18,179.02,550,5.3,86,177.535,1
624,-23.78,180.31,518,5.1,71,169.9075,1
625,-22.37,171.5,116,4.9,38,67.5075,0
626,-23.97,179.91,518,4.5,23,169.61,0
627,-34.12,181.75,75,4.7,41,56.8325,0
628,-25.25,179.86,491,4.2,23,162.4525,0
629,-22.87,172.65,56,5.1,50,52.72,1
630,-18.48,182.37,376,4.8,57,136.1725,0
631,-21.46,181.02,584,4.2,18,186.94,0
632,-28.56,183.47,48,4.8,56,51.9275,0
633,-28.56,183.59,53,4.4,20,53.1075,0
634,-21.3,180.92,617,4.5,26,195.28,0
635,-20.08,183.22,294,4.3,18,115.36,0
636,-18.82,182.21,417,5.6,129,146.4975,1
637,-19.51,183.97,280,4,16,112.115,0
638,-12.05,167.39,332,5,36,123.085,1
639,-17.4,186.54,85,4.2,28,64.585,0
640,-23.93,180.18,525,4.6,31,171.4625,0
641,-21.23,181.09,613,4.6,18,194.365,0
642,-16.23,167.91,182,4.5,28,84.545,0
643,-28.15,183.4,57,5,32,54.3125,1
644,-20.81,185.01,79,4.7,42,61.975,0
645,-20.72,181.41,595,4.6,36,190.0725,0
646,-23.29,184,164,4.8,50,82.3775,0
647,-38.46,176.03,148,4.6,44,72.5425,0
648,-15.48,186.73,82,4.4,17,64.4125,0
649,-37.03,177.52,153,5.6,87,74.7725,1
650,-20.48,181.38,556,4.2,13,180.275,0
651,-18.12,181.88,649,5.4,88,204.54,1
652,-18.17,181.98,651,4.8,43,204.9025,0
653,-11.4,166.07,93,5.6,94,63.3175,1
654,-23.1,180.12,533,4.4,27,173.605,0
655,-14.28,170.34,642,4.7,29,200.69,0
656,-22.87,171.72,47,4.6,27,50.1125,0
657,-17.59,180.98,548,5.1,79,179.1225,1
658,-27.6,182.1,154,4.6,22,78.275,0
659,-17.94,180.6,627,4.5,29,198.54,0
660,-17.88,180.58,622,4.2,23,197.225,0
661,-30.01,180.8,286,4.8,43,110.3975,0
662,-19.19,182.3,390,4.9,48,139.5025,0
663,-18.14,180.87,624,5.5,105,198.0575,1
664,-23.46,180.11,539,5,41,175.1625,1
665,-18.44,181.04,624,4.2,21,197.7,0
666,-18.21,180.87,631,5.2,69,199.715,1
667,-18.26,180.98,631,4.8,36,199.63,0
668,-15.85,184.83,299,4.4,30,118.095,0
669,-23.82,180.09,498,4.8,40,164.7675,0
670,-18.6,184.28,255,4.4,31,106.27,0
671,-17.8,181.32,539,4.1,12,176.655,0
672,-10.78,166.1,195,4.9,45,88.805,0
673,-18.12,181.71,594,4.6,24,190.5475,0
674,-19.34,182.62,573,4.5,32,185.195,0
675,-15.34,167.1,128,5.3,18,71.265,1
676,-24.97,182.85,137,4.8,40,74.92,0
677,-15.97,186.08,143,4.6,41,79.4275,0
678,-23.47,180.24,511,4.8,37,168.1425,0
679,-23.11,179.15,564,4.7,17,181.185,0
680,-20.54,181.66,559,4.9,50,181.255,0
681,-18.92,169.37,248,5.3,60,100.9375,1
682,-20.16,184.27,210,4.4,27,94.6275,0
683,-25.48,180.94,390,4.6,33,137.515,0
684,-18.19,181.74,616,4.3,17,195.9625,0
685,-15.35,186.4,98,4.4,17,68.3625,0
686,-18.69,169.1,218,4.2,27,93.1525,0
687,-18.89,181.24,655,4.1,14,205.3625,0
688,-17.61,183.32,356,4.2,15,131.4775,0
689,-20.93,181.54,564,5,64,182.4025,1
690,-17.6,181.5,548,4.1,10,179,0
691,-17.96,181.4,655,4.3,20,205.685,0
692,-18.8,182.41,385,5.2,67,138.4525,1
693,-20.61,182.44,518,4.2,10,171.0075,0
694,-20.74,181.53,598,4.5,36,190.8225,0
695,-25.23,179.86,476,4.4,29,158.7575,0
696,-23.9,179.9,579,4.4,16,184.85,0
697,-18.07,181.58,603,5,65,192.8775,1
698,-15.43,185.19,249,4,11,105.69,0
699,-14.3,167.32,208,4.8,25,91.455,0
700,-18.04,181.57,587,5,51,188.8825,1
701,-13.9,167.18,221,4.2,21,94.62,0
702,-17.64,177.01,545,5.2,91,177.3925,1
703,-17.98,181.51,586,5.2,68,188.6825,1
704,-25,180,488,4.5,10,161.875,0
705,-19.45,184.48,246,4.3,15,103.8325,0
706,-16.11,187.48,61,4.5,19,59.2175,0
707,-23.73,179.98,524,4.6,11,171.2125,0
708,-17.74,186.78,104,5.1,71,69.535,1
709,-21.56,183.23,271,4.4,36,109.2675,0
710,-20.97,181.72,487,4.3,16,163.0125,0
711,-15.45,186.73,83,4.7,37,64.745,0
712,-15.93,167.91,183,5.6,109,85.145,1
713,-21.47,185.86,55,4.9,46,56.0725,0
714,-21.44,170.45,166,5.1,22,80.0275,1
715,-22.16,180.49,586,4.6,13,187.2325,0
716,-13.36,172.76,618,4.4,18,195.45,0
717,-21.22,181.51,524,4.8,49,172.2725,0
718,-26.1,182.5,133,4.2,17,73.4,0
719,-18.35,185.27,201,4.7,57,93.155,0
720,-17.2,182.9,383,4.1,11,138.2,0
721,-22.42,171.4,86,4.7,33,59.92,0
722,-17.91,181.48,555,4,17,180.6425,0
723,-26.53,178.3,605,4.9,43,190.4175,0
724,-26.5,178.29,609,5,50,191.4475,1
725,-16.31,168.08,204,4.5,16,90.0675,0
726,-18.76,169.71,287,4.4,23,110.5875,0
727,-17.1,182.8,390,4,14,139.925,0
728,-19.28,182.78,348,4.5,30,129,0
729,-23.5,180,550,4.7,23,177.8,0
730,-21.26,181.69,487,4.4,20,162.9575,0
731,-17.97,181.48,578,4.7,43,186.5525,0
732,-26.02,181.2,361,4.7,32,130.22,0
733,-30.3,180.8,275,4,14,107.375,0
734,-24.89,179.67,498,4.2,14,164.245,0
735,-14.57,167.24,162,4.5,18,79.7925,0
736,-15.4,186.87,78,4.7,44,63.5425,0
737,-22.06,183.95,134,4.5,17,75.0975,0
738,-25.14,178.42,554,4.1,15,177.845,0
739,-20.3,181.4,608,4.6,13,193.425,0
740,-25.28,181.17,367,4.3,25,131.7975,0
741,-20.63,181.61,599,4.6,30,191.145,0
742,-19.02,186.83,45,5.2,65,54.5025,1
743,-22.1,185.3,50,4.6,22,54.45,0
744,-38.59,175.7,162,4.7,36,75.9525,0
745,-19.3,183,302,5,65,117.675,1
746,-31.03,181.59,57,5.2,49,53.19,1
747,-30.51,181.3,203,4.4,20,89.5475,0
748,-22.55,183.34,66,4.6,18,57.8475,0
749,-22.14,180.64,591,4.5,18,188.5,0
750,-25.6,180.3,440,4,12,149.675,0
751,-18.04,181.84,611,4.2,20,194.75,0
752,-21.29,185.77,57,5.3,69,56.695,1
753,-21.08,180.85,627,5.9,119,198.1675,1
754,-20.64,169.66,89,4.9,42,60.73,0
755,-24.41,180.03,500,4.5,34,165.03,0
756,-12.16,167.03,264,4.4,14,105.8175,0
757,-17.1,185.9,127,5.4,75,75.3,1
758,-21.13,185.6,85,5.3,86,63.6925,1
759,-12.34,167.43,50,5.1,47,52.5475,1
760,-16.43,186.73,75,4.1,20,62.35,0
761,-20.7,184.3,182,4.3,17,87.475,0
762,-21.18,180.92,619,4.5,18,195.81,0
763,-17.78,185.33,223,4.1,10,98.6625,0
764,-21.57,183.86,156,5.1,70,80.8475,1
765,-13.7,166.75,46,5.3,71,51.0875,1
766,-12.27,167.41,50,4.5,29,52.41,0
767,-19.1,184.52,230,4.1,16,99.88,0
768,-19.85,184.51,184,4.4,26,88.265,0
769,-11.37,166.55,188,4.7,24,86.97,0
770,-20.7,186.3,80,4,10,62.4,0
771,-20.24,185.1,86,5.1,61,63.99,1
772,-16.4,182.73,391,4,16,140.3325,0
773,-19.6,184.53,199,4.3,21,92.0575,0
774,-21.63,180.77,592,4.3,21,188.86,0
775,-21.6,180.5,595,4,22,189.475,0
776,-21.77,181,618,4.1,10,195.3325,0
777,-21.8,183.6,213,4.4,17,94.8,0
778,-21.05,180.9,616,4.3,10,195.0375,0
779,-10.8,165.8,175,4.2,12,83.55,0
780,-17.9,181.5,589,4,12,189.15,0
781,-22.26,171.44,83,4.5,25,59.17,0
782,-22.33,171.46,119,4.7,32,68.2075,0
783,-24.04,184.85,70,5,48,58.9525,0
784,-20.4,186.1,74,4.3,22,61,0
785,-15,184.62,40,5.1,54,53.68,1
786,-27.87,183.4,87,4.7,34,61.8075,0
787,-14.12,166.64,63,5.3,69,55.205,1
788,-23.61,180.27,537,5,63,174.665,1
789,-21.56,185.5,47,4.5,29,53.86,0
790,-21.19,181.58,490,5,77,163.8475,1
791,-18.07,181.65,593,4.1,16,190.17,0
792,-26,178.43,644,4.9,27,200.3325,0
793,-20.21,181.9,576,4.1,16,185.4475,0
794,-28,182,199,4,16,89.25,0
795,-20.74,180.7,589,4.4,27,188.34,0
796,-31.8,180.6,178,4.5,19,82.825,0
797,-18.91,169.46,248,4.4,33,100.7375,0
798,-20.45,182.1,500,4.5,37,166.5375,0
799,-22.9,183.8,71,4.3,19,59.05,0
800,-18.11,181.63,568,4.3,36,183.955,0
801,-23.8,184.7,42,5,36,51.975,1
802,-23.42,180.21,510,4.5,37,167.8225,0
803,-23.2,184.8,97,4.5,13,65.775,0
804,-12.93,169.52,663,4.4,30,205.9975,0
805,-21.14,181.06,625,4.5,35,197.355,0
806,-19.13,184.97,210,4.1,22,94.985,0
807,-21.08,181.3,557,4.9,78,180.53,0
808,-20.07,181.75,582,4.7,27,187.095,0
809,-20.9,182.02,402,4.3,18,141.855,0
810,-25.04,179.84,474,4.6,32,158.35,0
811,-21.85,180.89,577,4.6,43,185.16,0
812,-19.34,186.59,56,5.2,49,57.1125,1
813,-15.83,167.1,43,4.5,19,49.6925,0
814,-23.73,183,118,4.3,11,70.3925,0
815,-18.1,181.72,544,4.6,52,178.055,0
816,-22.12,180.49,532,4,14,173.5925,0
817,-15.39,185.1,237,4.5,39,102.8025,0
818,-16.21,186.52,111,4.8,30,71.5275,0
819,-21.75,180.67,595,4.6,30,189.63,0
820,-22.1,180.4,603,4.1,11,191.35,0
821,-24.97,179.54,505,4.9,50,166.1175,0
822,-19.36,186.36,100,4.7,40,67.925,0
823,-22.14,179.62,587,4.1,23,187.145,0
824,-21.48,182.44,364,4.3,20,132.315,0
825,-18.54,168.93,100,4.4,17,63.6975,0
826,-21.62,182.4,350,4,12,128.695,0
827,-13.4,166.9,228,4.8,15,96.575,0
828,-15.5,185.3,93,4.4,25,66.8,0
829,-15.67,185.23,66,4.4,34,59.99,0
830,-21.78,183.11,225,4.6,21,97.7325,0
831,-30.63,180.9,334,4.2,28,122.1175,0
832,-15.7,185.1,70,4.1,15,60.875,0
833,-19.2,184.37,220,4.2,18,97.3425,0
834,-19.7,182.44,397,4,12,140.935,0
835,-19.4,182.29,326,4.1,15,123.2475,0
836,-15.85,185.9,121,4.1,17,73.7875,0
837,-17.38,168.63,209,4.7,29,91.2375,0
838,-24.33,179.97,510,4.8,44,167.61,0
839,-20.89,185.26,54,5.1,44,55.8675,1
840,-18.97,169.44,242,5,41,99.3675,1
841,-17.99,181.62,574,4.8,38,185.6075,0
842,-15.8,185.25,82,4.4,39,63.9625,0
843,-25.42,182.65,102,5,36,66.0575,1
844,-21.6,169.9,43,5.2,56,49.125,1
845,-26.06,180.05,432,4.2,19,147.5475,0
846,-17.56,181.23,580,4.1,16,186.9425,0
847,-25.63,180.26,464,4.8,60,155.8575,0
848,-25.46,179.98,479,4.5,27,159.505,0
849,-22.23,180.48,581,5,54,186.0625,1
850,-21.55,181.39,513,5.1,81,169.485,1
851,-15.18,185.93,77,4.1,16,62.9625,0
852,-13.79,166.56,68,4.7,41,56.3675,0
853,-15.18,167.23,71,5.2,59,57.0625,1
854,-18.78,186.72,68,4.8,48,60.185,0
855,-17.9,181.41,586,4.5,33,188.5025,0
856,-18.5,185.4,243,4,11,103.475,0
857,-14.82,171.17,658,4.7,49,204.7625,0
858,-15.65,185.17,315,4.1,15,122.155,0
859,-30.01,181.15,210,4.3,17,91.36,0
860,-13.16,167.24,278,4.3,17,109.095,0
861,-21.03,180.78,638,4,14,200.4375,0
862,-21.4,180.78,615,4.7,51,194.77,0
863,-17.93,181.89,567,4.1,27,183.765,0
864,-20.87,181.7,560,4.2,13,181.2575,0
865,-12.01,166.66,99,4.8,36,64.6125,0
866,-19.1,169.63,266,4.8,31,105.3325,0
867,-22.85,181.37,397,4.2,15,139.93,0
868,-17.08,185.96,180,4.2,29,88.27,0
869,-21.14,174.21,40,5.7,78,49.6925,1
870,-12.23,167.02,242,6,132,100.6975,1
871,-20.91,181.57,530,4.2,20,173.715,0
872,-11.38,167.05,133,4.5,32,73.2925,0
873,-11.02,167.01,62,4.9,36,55.7225,0
874,-22.09,180.58,580,4.4,22,185.7225,0
875,-17.8,181.2,530,4,15,174.35,0
876,-18.94,182.43,566,4.3,20,183.4475,0
877,-18.85,182.2,501,4.2,23,167.1375,0
878,-21.91,181.28,548,4.5,30,177.9675,0
879,-22.03,179.77,587,4.8,31,187.385,0
880,-18.1,181.63,592,4.4,28,189.9825,0
881,-18.4,184.84,221,4.2,18,97.91,0
882,-21.2,181.4,560,4.2,12,181.1,0
883,-12,166.2,94,5,31,63.3,1
884,-11.7,166.3,139,4.2,15,74.45,0
885,-26.72,182.69,162,5.2,64,80.7925,1
886,-24.39,178.98,562,4.5,30,180.2725,0
887,-19.64,169.5,204,4.6,35,89.615,0
888,-21.35,170.04,56,5,22,52.4225,1
889,-22.82,184.52,49,5,52,53.925,1
890,-38.28,177.1,100,5.4,71,61.055,1
891,-12.57,167.11,231,4.8,28,97.585,0
892,-22.24,180.28,601,4.2,21,190.81,0
893,-13.8,166.53,42,5.5,70,50.0575,1
894,-21.07,183.78,180,4.3,25,86.7525,0
895,-17.74,181.25,559,4.1,16,181.6525,0
896,-23.87,180.15,524,4.4,22,171.17,0
897,-21.29,185.8,69,4.9,74,59.6025,0
898,-22.2,180.58,594,4.5,45,189.22,0
899,-15.24,185.11,262,4.9,56,109.1925,0
900,-17.82,181.27,538,4,33,176.3625,0
901,-32.14,180,331,4.5,27,120.84,0
902,-19.3,185.86,48,5,40,54.89,1
903,-33.09,180.94,47,4.9,47,49.9375,0
904,-20.18,181.62,558,4.5,31,180.985,0
905,-17.46,181.42,524,4.2,16,173.04,0
906,-17.44,181.33,545,4.2,37,178.2725,0
907,-24.71,179.85,477,4.2,34,159.085,0
908,-21.53,170.52,129,5.2,30,70.7975,1
909,-19.17,169.53,268,4.3,21,105.665,0
910,-28.05,182.39,117,5.1,43,69.11,1
911,-23.39,179.97,541,4.6,50,175.545,0
912,-22.33,171.51,112,4.6,14,66.445,0
913,-15.28,185.98,162,4.4,36,84.275,0
914,-20.27,181.51,609,4.4,32,193.66,0
915,-10.96,165.97,76,4.9,64,58.9775,0
916,-21.52,169.75,61,5.1,40,53.5825,1
917,-19.57,184.47,202,4.2,28,92.775,0
918,-23.08,183.45,90,4.7,30,63.7675,0
919,-25.06,182.8,133,4,14,73.685,0
920,-17.85,181.44,589,5.6,115,189.5475,1
921,-15.99,167.95,190,5.3,81,86.815,1
922,-20.56,184.41,138,5,82,76.7125,1
923,-17.98,181.61,598,4.3,27,191.4825,0
924,-18.4,181.77,600,4.1,11,191.8675,0
925,-27.64,182.22,162,5.1,67,80.42,1
926,-20.99,181.02,626,4.5,36,197.6325,0
927,-14.86,167.32,137,4.9,22,73.59,0
928,-29.33,182.72,57,5.4,61,53.9475,1
929,-25.81,182.54,201,4.7,40,90.6075,0
930,-14.1,166.01,69,4.8,29,56.4275,0
931,-17.63,185.13,219,4.5,28,97.75,0
932,-23.47,180.21,553,4.2,23,178.485,0
933,-23.92,180.21,524,4.6,50,171.2225,0
934,-20.88,185.18,51,4.6,28,54.975,0
935,-20.25,184.75,107,5.6,121,69.275,1
936,-19.33,186.16,44,5.4,110,54.0575,1
937,-18.14,181.71,574,4,20,185.3925,0
938,-22.41,183.99,128,5.2,72,73.695,1
939,-20.77,181.16,568,4.2,12,183.1475,0
940,-17.95,181.73,583,4.7,57,187.87,0
941,-20.83,181.01,622,4.3,15,196.62,0
942,-27.84,182.1,193,4.8,27,88.015,0
943,-19.94,182.39,544,4.6,30,177.7625,0
944,-23.6,183.99,118,5.4,88,70.9475,1
945,-23.7,184.13,51,4.8,27,54.0575,0
946,-30.39,182.4,63,4.6,22,54.9025,0
947,-18.98,182.32,442,4.2,22,152.385,0
948,-27.89,182.92,87,5.5,67,61.8825,1
949,-23.5,184.9,61,4.7,16,56.775,0
950,-23.73,184.49,60,4.7,35,56.365,0
951,-17.93,181.62,561,4.5,32,182.2975,0
952,-35.94,178.52,138,5.5,78,71.52,1
953,-18.68,184.5,174,4.5,34,86.08,0
954,-23.47,179.95,543,4.1,21,175.895,0
955,-23.49,180.06,530,4,23,172.6425,0
956,-23.85,180.26,497,4.3,32,164.4275,0
957,-27.08,183.44,63,4.7,27,56.015,0
958,-20.88,184.95,82,4.9,50,62.7425,0
959,-20.97,181.2,605,4.5,31,192.4325,0
960,-21.71,183.58,234,4.7,55,100.1425,0
961,-23.9,184.6,41,4.5,22,51.55,0
962,-15.78,167.44,40,4.8,42,49.115,0
963,-12.57,166.72,137,4.3,20,73.8625,0
964,-19.69,184.23,223,4.1,23,97.91,0
965,-22.04,183.95,109,5.4,61,69.0775,1
966,-17.99,181.59,595,4.1,26,190.675,0
967,-23.5,180.13,512,4.8,40,168.3575,0
968,-21.4,180.74,613,4.2,20,194.135,0
969,-15.86,166.98,60,4.8,25,53.98,0
970,-23.95,184.64,43,5.4,45,52.2725,1
971,-25.79,182.38,172,4.4,14,83.2475,0
972,-23.75,184.5,54,5.2,74,54.9875,1
973,-24.1,184.5,68,4.7,23,58.275,0
974,-18.56,169.05,217,4.9,35,93.0975,0
975,-23.3,184.68,102,4.9,27,67.07,0
976,-17.03,185.74,178,4.2,32,87.7275,0
977,-20.77,183.71,251,4.4,47,104.585,0
978,-28.1,183.5,42,4.4,17,50.45,0
979,-18.83,182.26,575,4.3,11,185.6825,0
980,-23,170.7,43,4.9,20,48.9,0
981,-20.82,181.67,577,5,67,185.7125,1
982,-22.95,170.56,42,4.7,21,48.5775,0
983,-28.22,183.6,75,4.9,49,58.82,0
984,-27.99,183.5,71,4.3,22,57.7025,0
985,-15.54,187.15,60,4.5,17,59.0275,0
986,-12.37,166.93,291,4.2,16,112.44,0
987,-22.33,171.66,125,5.2,51,69.8825,1
988,-22.7,170.3,69,4.8,27,55.35,0
989,-17.86,181.3,614,4,12,195.36,0
990,-16,184.53,108,4.7,33,70.3075,0
991,-20.73,181.42,575,4.3,18,184.9975,0
992,-15.45,181.42,409,4.3,27,144.8175,0
993,-20.05,183.86,243,4.9,65,102.9275,0
994,-17.95,181.37,642,4,17,202.355,0
995,-17.7,188.1,45,4.2,10,54.9,0
996,-25.93,179.54,470,4.4,22,157.0025,0
997,-12.28,167.06,248,4.7,35,101.87,0
998,-20.13,184.2,244,4.5,34,103.1425,0
999,-17.4,187.8,40,4.5,14,53.725,0
1000,-21.59,170.56,165,6,119,79.9925,1
